{
  "ciphertext": "OBKRUOXOGHULBSOLIFBBWFLRVQQPRNGKSSOTWTQSJQSSEKZZWATJKLUDIAWINFBNYPVTTMZFPKWGDKZXTJCDIGKUHUAUEKCAR",
  "length": 97,
  "frequency": {
    "O": 5.154639175257731,
    "B": 5.154639175257731,
    "K": 8.24742268041237,
    "R": 4.123711340206185,
    "U": 6.185567010309279,
    "X": 2.0618556701030926,
    "G": 4.123711340206185,
    "H": 2.0618556701030926,
    "L": 4.123711340206185,
    "S": 6.185567010309279,
    "I": 4.123711340206185,
    "F": 4.123711340206185,
    "W": 5.154639175257731,
    "V": 2.0618556701030926,
    "Q": 4.123711340206185,
    "P": 3.0927835051546393,
    "N": 3.0927835051546393,
    "T": 6.185567010309279,
    "J": 3.0927835051546393,
    "E": 2.0618556701030926,
    "Z": 4.123711340206185,
    "A": 4.123711340206185,
    "D": 3.0927835051546393,
    "Y": 1.0309278350515463,
    "M": 1.0309278350515463,
    "C": 2.0618556701030926
  },
  "complexity": {
    "score": 10.524939563816337,
    "entropy": 3.157133550217729,
    "pattern_density": 0.0,
    "ioc_variance": 3.4831892717180444e-05
  },
  "ioc_peaks": [
    5,
    7,
    11,
    16
  ],
  "autocorr_peaks": [
    4,
    10,
    22
  ],
  "patterns": {},
  "holographic_entropy": 4.180600167809222,
  "chi_squared": 590.8360080920878
}