{
  "kernel_name": "autonomous_systems",
  "backend": "cpu",
  "precision": "fp32",
  "problem_size": {
    "seed": 1337,
    "scale": 1.0
  },
  "timing": {
    "latency_ms_p50": 0.011166000035700563,
    "latency_ms_p90": 0.011813200126198353,
    "latency_ms_p99": 0.012875919937869185,
    "latency_ms_mean": 0.011305200018796313,
    "latency_ms_std": 0.0006423968736096041,
    "throughput_ops_per_sec": 88454.87017809278,
    "iterations": 10,
    "raw_times_ms": [
      0.012993999916943721,
      0.011682000149448868,
      0.011091000033047749,
      0.011481999990792247,
      0.011241000038353377,
      0.01098099983209977,
      0.010680000059437589,
      0.010649999921952258,
      0.01095000015993719,
      0.011301000085950363
    ]
  },
  "memory": null,
  "energy": null,
  "accuracy": null,
  "success": true,
  "error_message": null,
  "metadata": {
    "iterations": 10,
    "warmup": 2,
    "seed": 1337
  }
}