{
  "kernel_name": "pressure_poisson",
  "backend": "cpu",
  "precision": "fp32",
  "problem_size": {
    "grid_size": [
      64,
      64,
      64
    ],
    "max_iterations": 50,
    "tolerance": 1e-05
  },
  "timing": {
    "latency_ms_p50": 43.66255549996367,
    "latency_ms_p90": 43.861660299990035,
    "latency_ms_p99": 43.9761076300465,
    "latency_ms_mean": 43.65979910000988,
    "latency_ms_std": 0.1813574106396354,
    "throughput_ops_per_sec": 22.904365586047184,
    "iterations": 10,
    "raw_times_ms": [
      43.98882400005277,
      43.83292300008179,
      43.636137000021336,
      43.847530999983064,
      43.42719600003875,
      43.68897399990601,
      43.49759699994138,
      43.50023200004216,
      43.45108100005746,
      43.72749599997405
    ]
  },
  "memory": null,
  "energy": null,
  "accuracy": null,
  "success": true,
  "error_message": null,
  "metadata": {
    "iterations": 10,
    "warmup": 2,
    "seed": 1337
  }
}