{
  "kernel_name": "quasim_runtime",
  "backend": "cpu",
  "precision": "fp32",
  "problem_size": {
    "batches": 16,
    "rank": 2,
    "dimension": 1024,
    "repeat": 10
  },
  "timing": {
    "latency_ms_p50": 38.39322499993614,
    "latency_ms_p90": 38.76287840009809,
    "latency_ms_p99": 38.81630923990315,
    "latency_ms_mean": 38.48374089998288,
    "latency_ms_std": 0.199169605239449,
    "throughput_ops_per_sec": 25.984999810671862,
    "iterations": 10,
    "raw_times_ms": [
      38.650555000003806,
      38.756282000122155,
      38.32368600001246,
      38.26861299990014,
      38.24736199999279,
      38.359020999905624,
      38.41363299989098,
      38.372816999981296,
      38.82224599988149,
      38.62319400013803
    ]
  },
  "memory": null,
  "energy": null,
  "accuracy": null,
  "success": true,
  "error_message": null,
  "metadata": {
    "iterations": 10,
    "warmup": 2,
    "seed": 1337
  }
}